"games._id","games.id","games.home_team_id","games.away_team_id","games.home_score","games.away_score","games.home_scorers","games.away_scorers","games.group","games.matchday","games.local_date","games.persian_date","games.stadium_id","games.finished","games.time_elapsed","games.type","games.home_team_name_en","games.home_team_name_fa","games.away_team_name_en","games.away_team_name_fa","games.home_team_label","games.away_team_label"
"679c9c8a5749c4077500e001","1","1","2","2","0","{“J. Quiñones 9'”,”R. Jiménez 67'”}","null","A","1","06/11/2026 13:00","1405-03-21 13:00","1","TRUE","finished","group","Mexico","مکزیک","South Africa","آفریقای جنوبی",NA,NA
"679c9c8a5749c4077500e002","2","3","4","2","1","{""I.B. Hwang 67'"",""H.G. Oh 80'""}","{""L. Krejčí 59'""}","A","1","06/11/2026 20:00","1405-03-21 20:00","2","TRUE","finished","group","South Korea","کره جنوبی","Czech Republic","جمهوری چک",NA,NA
"679c9c8a5749c4077500e003","3","5","6","1","1","{""C. Larin 11'""}","{""Jovo Lukić 21'""}","B","1","06/12/2026 15:00","1405-03-22 15:00","12","TRUE","finished","group","Canada","کانادا","Bosnia and Herzegovina","بوسنی و هرزگوین",NA,NA
"679c9c8a5749c4077500e004","4","13","14","4","1","{""D. Bobadilla 7'(OG)"",""F. Balogun 31'"",""F. Balogun 45'+5'"",""G. Reyna 90'+8'""}","{""Maurício 73'""}","D","1","06/12/2026 18:00","1405-03-22 18:00","16","TRUE","finished","group","United States","آمریکا","Paraguay","پاراگوئه",NA,NA
"679c9c8a5749c4077500e005","5","11","12","0","1","null","{""J. McGinn 28'""}","C","1","06/13/2026 21:00","1405-03-23 21:00","9","TRUE","finished","group","Haiti","هائیتی","Scotland","اسکاتلند",NA,NA
"679c9c8a5749c4077500e006","6","15","16","2","0","{""Nestory Irankunda 27'"",""C. Metcalfe 75'""}","null","D","1","06/13/2026 21:00","1405-03-23 21:00","13","TRUE","finished","group","Australia","استرالیا","Turkey","ترکیه",NA,NA
"679c9c8a5749c4077500e007","7","9","10","1","1","{""V. Júnior 32'""}","{""I. Saibari 21'""}","C","1","06/13/2026 18:00","1405-03-23 18:00","11","TRUE","finished","group","Brazil","برزیل","Morocco","مراکش",NA,NA
"679c9c8a5749c4077500e008","8","7","8","1","1","{""B. Khoukhi 90'+5'""}","{""Breel Embolo 17' (p)""}","B","1","06/13/2026 12:00","1405-03-23 12:00","15","TRUE","finished","group","Qatar","قطر","Switzerland","سوئیس",NA,NA
"679c9c8a5749c4077500e009","9","19","20","1","0","{""A. Diallo 90'""}","null","E","1","06/14/2026 19:00","1405-03-24 19:00","10","TRUE","finished","group","Ivory Coast","ساحل عاج","Ecuador","اکوادور",NA,NA
"679c9c8a5749c4077500e010","10","17","18","7","1","{""Felix Nmecha 7'"",""N. Schlotterbeck 38'"",""K. Havertz 45'+5'(p)"",""J. Musiala 47'"",""N. Brown 68'"",""D. Undav 78'"",""K. Havertz 88'""}","{""L. Comenencia 21'""}","E","1","06/14/2026 12:00","1405-03-24 12:00","5","TRUE","finished","group","Germany","آلمان","Curaçao","کوراسائو",NA,NA
"679c9c8a5749c4077500e011","11","21","22","2","2","{""Virgil van Dijk 51'"",""C. Summerville 64'""}","{""K. Nakamura 57'"",""K. Ogawa 89'""}","F","1","06/14/2026 15:00","1405-03-24 15:00","4","TRUE","finished","group","Netherlands","هلند","Japan","ژاپن",NA,NA
"679c9c8a5749c4077500e012","12","23","24","5","1","{""Y.Ayari 7'"",""A. Isak 30'"",""V. Gyökeres 59'"",""M. Svanberg 84'"",""Y.Ayari 90'+6'""}","{""O. Rekik 43'""}","F","1","06/14/2026 20:00","1405-03-24 20:00","3","TRUE","finished","group","Sweden","سوئد","Tunisia","تونس",NA,NA
"679c9c8a5749c4077500e013","13","27","28","2","2","{""Ramin Rezaiian 32'"",""Mohammad Mohebi 64'""}","{""Elijah Just 7'"",""Elijah Just 54'""}","G","1","06/15/2026 18:00","1405-03-25 18:00","16","TRUE","finished","group","Iran","ایران","New Zealand","نیوزیلند",NA,NA
"679c9c8a5749c4077500e014","14","29","30","0","0","null","null","H","1","06/15/2026 12:00","1405-03-25 12:00","7","TRUE","finished","group","Spain","اسپانیا","Cape Verde","کیپ ورد",NA,NA
"679c9c8a5749c4077500e015","15","25","26","1","1","{""Mohamed Hany 66'""}","{""Emam Ashour 20'""}","G","1","06/15/2026 12:00","1405-03-25 12:00","14","TRUE","finished","group","Belgium","بلژیک","Egypt","مصر",NA,NA
"679c9c8a5749c4077500e016","16","31","32","1","1","{""Abdulelah Al-Amri 41'""}","{""Maximiliano Araújo 80'""}","H","1","06/15/2026 18:00","1405-03-25 18:00","8","TRUE","finished","group","Saudi Arabia","عربستان","Uruguay","اروگوئه",NA,NA
"679c9c8a5749c4077500e017","17","33","34","3","1","{""K. Mbappé 66'"",""B. Barcola 82'"",""K. Mbappé 90+6'""}","{""I. Mbaye 90+5'""}","I","1","06/16/2026 15:00","1405-03-26 15:00","11","TRUE","finished","group","France","فرانسه","Senegal","سنگال",NA,NA
"679c9c8a5749c4077500e018","18","35","36","1","4","{""Aymen Hussein 39'""}","{""Erling Haaland 29'"",""Erling Haaland 43'"",""Leo Østigård 76'"",""Aymen Hussein 90+7'""}","I","1","06/16/2026 18:00","1405-03-26 18:00","9","TRUE","finished","group","Iraq","عراق","Norway","نروژ",NA,NA
"679c9c8a5749c4077500e019","19","37","38","3","0","{""Lionel Messi 17'"",""Lionel Messi 60'"",""Lionel Messi 76'""}","null","J","1","06/16/2026 20:00","1405-03-26 20:00","6","TRUE","finished","group","Argentina","آرژانتین","Algeria","الجزایر",NA,NA
"679c9c8a5749c4077500e020","20","39","40","3","1","{""Rvmanv Ashmid 21'"",""Izn Alarb 76'""}","{""Ali Avlvan 50'""}","J","1","06/16/2026 21:00","1405-03-26 21:00","15","TRUE","finished","group","Austria","اتریش","Jordan","اردن",NA,NA
"679c9c8a5749c4077500e021","21","41","42","1","1","{""J. Neves 6'""}","{""Y. Wissa 45+5'""}","K","1","06/17/2026 12:00","1405-03-27 12:00","5","TRUE","Finished","group","Portugal","پرتغال","Democratic Republic of the Congo","جمهوری دموکراتیک کنگو",NA,NA
"679c9c8a5749c4077500e022","22","45","46","4","2","{""H. Kane 12'(p)"",""H. Kane 42'"",""J. Bellingham 47'"",""M. Rashford 85'""}","{""M. Baturina 36'"",""P. Musa 45+5'""}","L","1","06/17/2026 15:00","1405-03-27 15:00","4","TRUE","finished","group","England","انگلستان","Croatia","کرواسی",NA,NA
"679c9c8a5749c4077500e023","23","43","44","1","3","{""Abas Bk Fiz Allh Af 60'""}","{""Dnil Mvnvz 40'"",""Lviiz Diaz 65'"",""Khamintvn Kampaz 90+9'""}","K","1","06/17/2026 20:00","1405-03-27 20:00","1","TRUE","finished","group","Uzbekistan","ازبکستان","Colombia","کلمبیا",NA,NA
"679c9c8a5749c4077500e024","24","47","48","1","0","{""Kalb Iirnki 90+5'""}","null","L","1","06/17/2026 19:00","1405-03-27 19:00","12","TRUE","finished","group","Ghana","غنا","Panama","پاناما",NA,NA
"679c9c8a5749c4077500e025","25","1","3","1","0","{""Luis Romo 50'""}","null","A","2","06/18/2026 19:00","1405-03-28 19:00","2","TRUE","finished","group","Mexico","مکزیک","South Korea","کره جنوبی",NA,NA
"679c9c8a5749c4077500e026","26","8","6","4","1","{""Jvhan Mnzambi 74'"",""Rvbn Vargas 84'"",""Jvhan Mnzambi 90'""}","{""Armin Mhmich 90+3'""}","B","2","06/18/2026 12:00","1405-03-28 12:00","16","TRUE","finished","group","Switzerland","سوئیس","Bosnia and Herzegovina","بوسنی و هرزگوین",NA,NA
"679c9c8a5749c4077500e027","27","5","7","6","0","{""Kail Larin 16'"",""Jonathan David 29'"",""Jonathan David 45+3'"",""Nathan Saliba 64'"",""Mohamed Almnai 75'"",""Jonathan David 90+2'""}","null","B","2","06/18/2026 15:00","1405-03-28 15:00","13","TRUE","finished","group","Canada","کانادا","Qatar","قطر",NA,NA
"679c9c8a5749c4077500e028","28","4","2","1","1","{""‫mikhal Sadilk 6'""}","null","A","2","06/18/2026 12:00","1405-03-28 12:00","7","TRUE","finished","group","Czech Republic","جمهوری چک","South Africa","آفریقای جنوبی",NA,NA
"679c9c8a5749c4077500e029","29","9","11","3","0","{""Matheus Cunha 23'"",""Matheus Cunha 36'"",""Vinícius Júnior 45+3'""}","null","C","2","06/19/2026 21:00","1405-03-29 21:00","10","TRUE","finished","group","Brazil","برزیل","Haiti","هائیتی",NA,NA
"679c9c8a5749c4077500e030","30","12","10","0","1","null","{""Asmaail Saibari 2'""}","C","2","06/19/2026 18:00","1405-03-29 18:00","9","TRUE","finished","group","Scotland","اسکاتلند","Morocco","مراکش",NA,NA
"679c9c8a5749c4077500e031","31","13","15","2","0","{""Kamrvn Bargs 11'"",""Alex Freeman 43'""}","null","D","2","06/19/2026 12:00","1405-03-29 12:00","14","TRUE","finished","group","United States","آمریکا","Australia","استرالیا",NA,NA
"679c9c8a5749c4077500e032","32","16","14","0","1","null","{""Matías Galarza 2'""}","D","2","06/19/2026 20:00","1405-03-29 20:00","15","TRUE","finished","group","Turkey","ترکیه","Paraguay","پاراگوئه",NA,NA
"679c9c8a5749c4077500e033","33","17","19","0","0","null","null","E","2","06/20/2026 16:00","1405-03-30 16:00","12","FALSE","notstarted","group","Germany","آلمان","Ivory Coast","ساحل عاج",NA,NA
"679c9c8a5749c4077500e034","34","20","18","0","0","null","null","E","2","06/20/2026 19:00","1405-03-30 19:00","6","FALSE","notstarted","group","Ecuador","اکوادور","Curaçao","کوراسائو",NA,NA
"679c9c8a5749c4077500e035","35","21","23","5","1","{""Brian Brobbey 5'"",""Brian Brobbey 17'""}","null","F","2","06/20/2026 12:00","1405-03-30 12:00","5","TRUE","finished","group","Netherlands","هلند","Sweden","سوئد",NA,NA
"679c9c8a5749c4077500e036","36","24","22","0","0","null","null","F","2","06/20/2026 22:00","1405-03-30 22:00","3","FALSE","notstarted","group","Tunisia","تونس","Japan","ژاپن",NA,NA
"679c9c8a5749c4077500e037","37","25","27","0","0","null","null","G","2","06/21/2026 12:00","1405-03-31 12:00","16","FALSE","notstarted","group","Belgium","بلژیک","Iran","ایران",NA,NA
"679c9c8a5749c4077500e038","38","28","26","0","0","null","null","G","2","06/21/2026 18:00","1405-03-31 18:00","13","FALSE","notstarted","group","New Zealand","نیوزیلند","Egypt","مصر",NA,NA
"679c9c8a5749c4077500e039","39","29","31","0","0","null","null","H","2","06/21/2026 12:00","1405-03-31 12:00","7","FALSE","notstarted","group","Spain","اسپانیا","Saudi Arabia","عربستان",NA,NA
"679c9c8a5749c4077500e040","40","32","30","0","0","null","null","H","2","06/21/2026 18:00","1405-03-31 18:00","8","FALSE","notstarted","group","Uruguay","اروگوئه","Cape Verde","کیپ ورد",NA,NA
"679c9c8a5749c4077500e041","41","33","35","0","0","null","null","I","2","06/22/2026 17:00","1405-04-01 17:00","10","FALSE","notstarted","group","France","فرانسه","Iraq","عراق",NA,NA
"679c9c8a5749c4077500e042","42","36","34","0","0","null","null","I","2","06/22/2026 20:00","1405-04-01 20:00","11","FALSE","notstarted","group","Norway","نروژ","Senegal","سنگال",NA,NA
"679c9c8a5749c4077500e043","43","37","39","0","0","null","null","J","2","06/22/2026 12:00","1405-04-01 12:00","4","FALSE","notstarted","group","Argentina","آرژانتین","Austria","اتریش",NA,NA
"679c9c8a5749c4077500e044","44","40","38","0","0","null","null","J","2","06/22/2026 20:00","1405-04-01 20:00","15","FALSE","notstarted","group","Jordan","اردن","Algeria","الجزایر",NA,NA
"679c9c8a5749c4077500e045","45","41","43","0","0","null","null","K","2","06/23/2026 12:00","1405-04-02 12:00","5","FALSE","notstarted","group","Portugal","پرتغال","Uzbekistan","ازبکستان",NA,NA
"679c9c8a5749c4077500e046","46","48","46","0","0","null","null","L","2","06/23/2026 19:00","1405-04-02 19:00","12","FALSE","notstarted","group","Panama","پاناما","Croatia","کرواسی",NA,NA
"679c9c8a5749c4077500e047","47","44","42","0","0","null","null","K","2","06/23/2026 20:00","1405-04-02 20:00","2","FALSE","notstarted","group","Colombia","کلمبیا","Democratic Republic of the Congo","جمهوری دموکراتیک کنگو",NA,NA
"679c9c8a5749c4077500e048","48","45","47","0","0","null","null","L","2","06/23/2026 16:00","1405-04-02 16:00","9","FALSE","notstarted","group","England","انگلستان","Ghana","غنا",NA,NA
"679c9c8a5749c4077500e049","49","12","9","0","0","null","null","C","3","06/24/2026 18:00","1405-04-03 18:00","8","FALSE","notstarted","group","Scotland","اسکاتلند","Brazil","برزیل",NA,NA
"679c9c8a5749c4077500e050","50","10","11","0","0","null","null","C","3","06/24/2026 18:00","1405-04-03 18:00","7","FALSE","notstarted","group","Morocco","مراکش","Haiti","هائیتی",NA,NA
"679c9c8a5749c4077500e051","51","2","3","0","0","null","null","A","3","06/24/2026 19:00","1405-04-03 19:00","3","FALSE","notstarted","group","South Africa","آفریقای جنوبی","South Korea","کره جنوبی",NA,NA
"679c9c8a5749c4077500e052","52","4","1","0","0","null","null","A","3","06/24/2026 19:00","1405-04-03 19:00","1","FALSE","notstarted","group","Czech Republic","جمهوری چک","Mexico","مکزیک",NA,NA
"679c9c8a5749c4077500e053","53","6","7","0","0","null","null","B","3","06/24/2026 12:00","1405-04-03 12:00","14","FALSE","notstarted","group","Bosnia and Herzegovina","بوسنی و هرزگوین","Qatar","قطر",NA,NA
"679c9c8a5749c4077500e054","54","8","5","0","0","null","null","B","3","06/24/2026 12:00","1405-04-03 12:00","13","FALSE","notstarted","group","Switzerland","سوئیس","Canada","کانادا",NA,NA
"679c9c8a5749c4077500e055","55","18","19","0","0","null","null","E","3","06/25/2026 16:00","1405-04-04 16:00","10","FALSE","notstarted","group","Curaçao","کوراسائو","Ivory Coast","ساحل عاج",NA,NA
"679c9c8a5749c4077500e056","56","20","17","0","0","null","null","E","3","06/25/2026 16:00","1405-04-04 16:00","11","FALSE","notstarted","group","Ecuador","اکوادور","Germany","آلمان",NA,NA
"679c9c8a5749c4077500e057","57","14","15","0","0","null","null","D","3","06/25/2026 19:00","1405-04-04 19:00","15","FALSE","notstarted","group","Paraguay","پاراگوئه","Australia","استرالیا",NA,NA
"679c9c8a5749c4077500e058","58","16","13","0","0","null","null","D","3","06/25/2026 19:00","1405-04-04 19:00","16","FALSE","notstarted","group","Turkey","ترکیه","United States","آمریکا",NA,NA
"679c9c8a5749c4077500e059","59","22","23","0","0","null","null","F","3","06/25/2026 18:00","1405-04-04 18:00","4","FALSE","notstarted","group","Japan","ژاپن","Sweden","سوئد",NA,NA
"679c9c8a5749c4077500e060","60","24","21","0","0","null","null","F","3","06/25/2026 18:00","1405-04-04 18:00","6","FALSE","notstarted","group","Tunisia","تونس","Netherlands","هلند",NA,NA
"679c9c8a5749c4077500e061","61","34","35","0","0","null","null","I","3","06/26/2026 15:00","1405-04-05 15:00","12","FALSE","notstarted","group","Senegal","سنگال","Iraq","عراق",NA,NA
"679c9c8a5749c4077500e062","62","36","33","0","0","null","null","I","3","06/26/2026 15:00","1405-04-05 15:00","9","FALSE","notstarted","group","Norway","نروژ","France","فرانسه",NA,NA
"679c9c8a5749c4077500e063","63","26","27","0","0","null","null","G","3","06/26/2026 20:00","1405-04-05 20:00","14","FALSE","notstarted","group","Egypt","مصر","Iran","ایران",NA,NA
"679c9c8a5749c4077500e064","64","28","25","0","0","null","null","G","3","06/26/2026 20:00","1405-04-05 20:00","13","FALSE","notstarted","group","New Zealand","نیوزیلند","Belgium","بلژیک",NA,NA
"679c9c8a5749c4077500e065","65","30","31","0","0","null","null","H","3","06/26/2026 19:00","1405-04-05 19:00","5","FALSE","notstarted","group","Cape Verde","کیپ ورد","Saudi Arabia","عربستان",NA,NA
"679c9c8a5749c4077500e066","66","32","29","0","0","null","null","H","3","06/26/2026 18:00","1405-04-05 18:00","2","FALSE","notstarted","group","Uruguay","اروگوئه","Spain","اسپانیا",NA,NA
"679c9c8a5749c4077500e067","67","48","45","0","0","null","null","L","3","06/27/2026 17:00","1405-04-06 17:00","11","FALSE","notstarted","group","Panama","پاناما","England","انگلستان",NA,NA
"679c9c8a5749c4077500e068","68","46","47","0","0","null","null","L","3","06/27/2026 17:00","1405-04-06 17:00","10","FALSE","notstarted","group","Croatia","کرواسی","Ghana","غنا",NA,NA
"679c9c8a5749c4077500e069","69","38","39","0","0","null","null","J","3","06/27/2026 21:00","1405-04-06 21:00","6","FALSE","notstarted","group","Algeria","الجزایر","Austria","اتریش",NA,NA
"679c9c8a5749c4077500e070","70","40","37","0","0","null","null","J","3","06/27/2026 21:00","1405-04-06 21:00","4","FALSE","notstarted","group","Jordan","اردن","Argentina","آرژانتین",NA,NA
"679c9c8a5749c4077500e071","71","44","41","0","0","null","null","K","3","06/27/2026 19:30","1405-04-06 19:30","8","FALSE","notstarted","group","Colombia","کلمبیا","Portugal","پرتغال",NA,NA
"679c9c8a5749c4077500e072","72","42","43","0","0","null","null","K","3","06/27/2026 19:30","1405-04-06 19:30","7","FALSE","notstarted","group","Democratic Republic of the Congo","جمهوری دموکراتیک کنگو","Uzbekistan","ازبکستان",NA,NA
"679c9c8a5749c4077500e073","73","0","0","0","0","null","null","R32","4","06/28/2026 12:00","1405-04-07 12:00","16","FALSE","notstarted","r32",NA,NA,NA,NA,"Runner-up Group A","Runner-up Group B"
"679c9c8a5749c4077500e074","74","0","0","0","0","null","null","R32","4","06/29/2026 16:30","1405-04-08 16:30","9","FALSE","notstarted","r32",NA,NA,NA,NA,"Winner Group E","3rd Group A/B/C/D/F"
"679c9c8a5749c4077500e075","75","0","0","0","0","null","null","R32","4","06/29/2026 19:00","1405-04-08 19:00","3","FALSE","notstarted","r32",NA,NA,NA,NA,"Winner Group F","Runner-up Group C"
"679c9c8a5749c4077500e076","76","0","0","0","0","null","null","R32","4","06/29/2026 12:00","1405-04-08 12:00","5","FALSE","notstarted","r32",NA,NA,NA,NA,"Winner Group C","Runner-up Group F"
"679c9c8a5749c4077500e077","77","0","0","0","0","null","null","R32","4","06/30/2026 17:00","1405-04-09 17:00","11","FALSE","notstarted","r32",NA,NA,NA,NA,"Winner Group I","3rd Group C/D/F/G/H"
"679c9c8a5749c4077500e078","78","0","0","0","0","null","null","R32","4","06/30/2026 12:00","1405-04-09 12:00","4","FALSE","notstarted","r32",NA,NA,NA,NA,"Runner-up Group E","Runner-up Group I"
"679c9c8a5749c4077500e079","79","1","0","0","0","null","null","R32","4","06/30/2026 19:00","1405-04-09 19:00","1","FALSE","notstarted","r32","Mexico","مکزیک",NA,NA,"Winner Group A","3rd Group C/E/F/H/I"
"679c9c8a5749c4077500e07a","80","0","0","0","0","null","null","R32","4","07/01/2026 12:00","1405-04-10 12:00","7","FALSE","notstarted","r32",NA,NA,NA,NA,"Winner Group L","3rd Group E/H/I/J/K"
"679c9c8a5749c4077500e07b","81","13","0","0","0","null","null","R32","4","07/01/2026 17:00","1405-04-10 17:00","15","FALSE","notstarted","r32","United States","آمریکا",NA,NA,"Winner Group D","3rd Group B/E/F/I/J"
"679c9c8a5749c4077500e07c","82","0","0","0","0","null","null","R32","4","07/01/2026 13:00","1405-04-10 13:00","14","FALSE","notstarted","r32",NA,NA,NA,NA,"Winner Group G","3rd Group A/E/H/I/J"
"679c9c8a5749c4077500e07d","83","0","0","0","0","null","null","R32","4","07/02/2026 19:00","1405-04-11 19:00","12","FALSE","notstarted","r32",NA,NA,NA,NA,"Runner-up Group K","Runner-up Group L"
"679c9c8a5749c4077500e07e","84","0","0","0","0","null","null","R32","4","07/02/2026 12:00","1405-04-11 12:00","16","FALSE","notstarted","r32",NA,NA,NA,NA,"Winner Group H","Runner-up Group J"
"679c9c8a5749c4077500e07f","85","0","0","0","0","null","null","R32","4","07/02/2026 20:00","1405-04-11 20:00","13","FALSE","notstarted","r32",NA,NA,NA,NA,"Winner Group B","3rd Group E/F/G/I/J"
"679c9c8a5749c4077500e080","86","0","0","0","0","null","null","R32","4","07/03/2026 18:00","1405-04-12 18:00","8","FALSE","notstarted","r32",NA,NA,NA,NA,"Winner Group J","Runner-up Group H"
"679c9c8a5749c4077500e081","87","0","0","0","0","null","null","R32","4","07/03/2026 20:30","1405-04-12 20:30","6","FALSE","notstarted","r32",NA,NA,NA,NA,"Winner Group K","3rd Group D/E/I/J/L"
"679c9c8a5749c4077500e082","88","0","0","0","0","null","null","R32","4","07/03/2026 13:00","1405-04-12 13:00","4","FALSE","notstarted","r32",NA,NA,NA,NA,"Runner-up Group D","Runner-up Group G"
"679c9c8a5749c4077500e083","89","0","0","0","0","null","null","R16","5","07/04/2026 17:00","1405-04-13 17:00","10","FALSE","notstarted","r16",NA,NA,NA,NA,"Winner Match 74","Winner Match 77"
"679c9c8a5749c4077500e084","90","0","0","0","0","null","null","R16","5","07/04/2026 12:00","1405-04-13 12:00","5","FALSE","notstarted","r16",NA,NA,NA,NA,"Winner Match 73","Winner Match 75"
"679c9c8a5749c4077500e085","91","0","0","0","0","null","null","R16","5","07/05/2026 16:00","1405-04-14 16:00","11","FALSE","notstarted","r16",NA,NA,NA,NA,"Winner Match 76","Winner Match 78"
"679c9c8a5749c4077500e086","92","0","0","0","0","null","null","R16","5","07/05/2026 18:00","1405-04-14 18:00","1","FALSE","notstarted","r16",NA,NA,NA,NA,"Winner Match 79","Winner Match 80"
"679c9c8a5749c4077500e087","93","0","0","0","0","null","null","R16","5","07/06/2026 14:00","1405-04-15 14:00","4","FALSE","notstarted","r16",NA,NA,NA,NA,"Winner Match 83","Winner Match 84"
"679c9c8a5749c4077500e088","94","0","0","0","0","null","null","R16","5","07/06/2026 17:00","1405-04-15 17:00","14","FALSE","notstarted","r16",NA,NA,NA,NA,"Winner Match 81","Winner Match 82"
"679c9c8a5749c4077500e089","95","0","0","0","0","null","null","R16","5","07/07/2026 12:00","1405-04-16 12:00","7","FALSE","notstarted","r16",NA,NA,NA,NA,"Winner Match 86","Winner Match 88"
"679c9c8a5749c4077500e08a","96","0","0","0","0","null","null","R16","5","07/07/2026 13:00","1405-04-16 13:00","13","FALSE","notstarted","r16",NA,NA,NA,NA,"Winner Match 85","Winner Match 87"
"679c9c8a5749c4077500e08b","97","0","0","0","0","null","null","QF","6","07/09/2026 16:00","1405-04-18 16:00","9","FALSE","notstarted","qf",NA,NA,NA,NA,"Winner Match 89","Winner Match 90"
"679c9c8a5749c4077500e08c","98","0","0","0","0","null","null","QF","6","07/10/2026 12:00","1405-04-19 12:00","16","FALSE","notstarted","qf",NA,NA,NA,NA,"Winner Match 93","Winner Match 94"
"679c9c8a5749c4077500e08d","99","0","0","0","0","null","null","QF","6","07/11/2026 17:00","1405-04-20 17:00","8","FALSE","notstarted","qf",NA,NA,NA,NA,"Winner Match 91","Winner Match 92"
"679c9c8a5749c4077500e08e","100","0","0","0","0","null","null","QF","6","07/11/2026 20:00","1405-04-20 20:00","6","FALSE","notstarted","qf",NA,NA,NA,NA,"Winner Match 95","Winner Match 96"
"679c9c8a5749c4077500e08f","101","0","0","0","0","null","null","SF","7","07/14/2026 14:00","1405-04-23 14:00","4","FALSE","notstarted","sf",NA,NA,NA,NA,"Winner Match 97","Winner Match 98"
"679c9c8a5749c4077500e090","102","0","0","0","0","null","null","SF","7","07/15/2026 15:00","1405-04-24 15:00","7","FALSE","notstarted","sf",NA,NA,NA,NA,"Winner Match 99","Winner Match 100"
"679c9c8a5749c4077500e091","103","0","0","0","0","null","null","3RD","8","07/18/2026 17:00","1405-04-27 17:00","8","FALSE","notstarted","third",NA,NA,NA,NA,"Loser Match 101","Loser Match 102"
"679c9c8a5749c4077500e092","104","0","0","0","0","null","null","FINAL","9","07/19/2026 15:00","1405-04-28 15:00","11","FALSE","notstarted","final",NA,NA,NA,NA,"Winner Match 101","Winner Match 102"
