"Team","Group","Status","RuleSet","R2_M1_Home","R2_M1_Away","R2_M1_Code","R2_M1_Desc","R2_M2_Home","R2_M2_Away","R2_M2_Code","R2_M2_Desc"
"Turkey","D","Already Eliminated","H2H",NA,NA,NA,"N/A",NA,NA,NA,"N/A"
"Haiti","C","Already Eliminated","H2H",NA,NA,NA,"N/A",NA,NA,NA,"N/A"
"Ecuador","E","At Risk","H2H","Germany","Ivory Coast",0,"'Germany' beats 'Ivory Coast'","Ecuador","Curaçao",2,"'Ecuador' loses to 'Curaçao'"
"Ecuador","E","At Risk","H2H","Germany","Ivory Coast",1,"'Germany' draws 'Ivory Coast'","Ecuador","Curaçao",2,"'Ecuador' loses to 'Curaçao'"
"Curaçao","E","At Risk","H2H","Germany","Ivory Coast",1,"'Germany' draws 'Ivory Coast'","Ecuador","Curaçao",0,"'Ecuador' beats 'Curaçao'"
"Curaçao","E","At Risk","H2H","Germany","Ivory Coast",2,"'Germany' loses to 'Ivory Coast'","Ecuador","Curaçao",0,"'Ecuador' beats 'Curaçao'"
"Tunisia","F","At Risk","H2H","Tunisia","Japan",2,"'Tunisia' loses to 'Japan'",NA,NA,NA,NA
"Jordan","J","At Risk","H2H","Argentina","Austria",0,"'Argentina' beats 'Austria'","Jordan","Algeria",2,"'Jordan' loses to 'Algeria'"
"Jordan","J","At Risk","H2H","Argentina","Austria",1,"'Argentina' draws 'Austria'","Jordan","Algeria",2,"'Jordan' loses to 'Algeria'"
"Algeria","J","At Risk","H2H","Argentina","Austria",1,"'Argentina' draws 'Austria'","Jordan","Algeria",0,"'Jordan' beats 'Algeria'"
"Algeria","J","At Risk","H2H","Argentina","Austria",2,"'Argentina' loses to 'Austria'","Jordan","Algeria",0,"'Jordan' beats 'Algeria'"
"Uzbekistan","K","At Risk","H2H","Portugal","Uzbekistan",0,"'Portugal' beats 'Uzbekistan'","Colombia","Democratic Republic of the Congo",2,"'Colombia' loses to 'Democratic Republic of the Congo'"
"Panama","L","At Risk","H2H","Panama","Croatia",2,"'Panama' loses to 'Croatia'","England","Ghana",0,"'England' beats 'Ghana'"
"Panama","L","At Risk","H2H","Panama","Croatia",2,"'Panama' loses to 'Croatia'","England","Ghana",1,"'England' draws 'Ghana'"
"Croatia","L","At Risk","H2H","Panama","Croatia",0,"'Panama' beats 'Croatia'","England","Ghana",1,"'England' draws 'Ghana'"
"Croatia","L","At Risk","H2H","Panama","Croatia",0,"'Panama' beats 'Croatia'","England","Ghana",2,"'England' loses to 'Ghana'"
