"Group","Team","Played","Points","GF","GA","GD"
"A","Mexico",2,6,3,0,3
"A","South Korea",2,3,2,2,0
"A","Czech Republic",2,1,2,3,-1
"A","South Africa",2,1,1,3,-2
"B","Canada",2,4,7,1,6
"B","Switzerland",2,4,5,2,3
"B","Bosnia and Herzegovina",2,1,2,5,-3
"B","Qatar",2,1,1,7,-6
"C","Brazil",2,4,4,1,3
"C","Morocco",2,4,2,1,1
"C","Scotland",2,3,1,1,0
"C","Haiti",2,0,0,4,-4
"D","United States",2,6,6,1,5
"D","Australia",2,3,2,2,0
"D","Paraguay",2,3,2,4,-2
"D","Turkey",2,0,0,3,-3
"E","Germany",1,3,7,1,6
"E","Ivory Coast",1,3,1,0,1
"E","Ecuador",1,0,0,1,-1
"E","Curaçao",1,0,1,7,-6
"F","Sweden",1,3,5,1,4
"F","Japan",1,1,2,2,0
"F","Netherlands",1,1,2,2,0
"F","Tunisia",1,0,1,5,-4
"G","Iran",1,1,2,2,0
"G","New Zealand",1,1,2,2,0
"G","Belgium",1,1,1,1,0
"G","Egypt",1,1,1,1,0
"H","Saudi Arabia",1,1,1,1,0
"H","Uruguay",1,1,1,1,0
"H","Cape Verde",1,1,0,0,0
"H","Spain",1,1,0,0,0
"I","Norway",1,3,4,1,3
"I","France",1,3,3,1,2
"I","Senegal",1,0,1,3,-2
"I","Iraq",1,0,1,4,-3
"J","Argentina",1,3,3,0,3
"J","Austria",1,3,3,1,2
"J","Jordan",1,0,1,3,-2
"J","Algeria",1,0,0,3,-3
"K","Colombia",1,3,3,1,2
"K","Democratic Republic of the Congo",1,1,1,1,0
"K","Portugal",1,1,1,1,0
"K","Uzbekistan",1,0,1,3,-2
"L","England",1,3,4,2,2
"L","Ghana",1,3,1,0,1
"L","Panama",1,0,0,1,-1
"L","Croatia",1,0,2,4,-2
